id,name,model_id:id,group_id:id,perm_read,perm_write,perm_create,perm_unlink

vs_hotel_management.access_hotel_amenity_type_user,hotel.amenity.type.user,model_hotel_amenity_type,group_hotel_room_user,1,0,0,0
vs_hotel_management.access_hotel_amenity_type_manager,hotel.amenity.type.manager,model_hotel_amenity_type,base.group_user,1,1,1,1

vs_hotel_management.access_hotel_amenity_user,hotel.amenity.user,model_hotel_amenity,group_hotel_room_user,1,0,0,0
vs_hotel_management.access_hotel_amenity_manager,hotel.amenity.manager,model_hotel_amenity,base.group_user,1,1,1,1

vs_hotel_management.access_hotel_bed_type_user,hotel.bed.type.user,model_hotel_bed_type,group_hotel_room_user,1,0,0,0
vs_hotel_management.access_hotel_bed_type_manager,hotel.bed.type.manager,model_hotel_bed_type,base.group_user,1,1,1,1

vs_hotel_management.access_hotel_room_category_user,hotel.room.category.user,model_hotel_room_category,group_hotel_room_user,1,0,0,0
vs_hotel_management.access_hotel_room_category_manager,hotel.room.category.manager,model_hotel_room_category,group_hotel_room_manager,1,1,1,1

vs_hotel_management.access_hotel_image_user,hotel.room.image.user,model_hotel_room_image,group_hotel_room_user,1,0,0,0
vs_hotel_management.access_hotel_image_manager,hotel.room.image.manager,model_hotel_room_image,group_hotel_room_manager,1,1,1,1

vs_hotel_management.access_hotel_status_user,hotel.room.status.user,model_hotel_room_status,group_hotel_room_user,1,0,0,0
vs_hotel_management.access_hotel_status_manager,hotel.room.status.manager,model_hotel_room_status,group_hotel_room_manager,1,1,1,1

vs_hotel_management.access_hotel_room_user,hotel.room.user,model_hotel_room,group_hotel_room_user,1,0,0,0
vs_hotel_management.access_hotel_room_manager,hotel.room.manager,model_hotel_room,group_hotel_room_manager,1,1,1,1

vs_hotel_management.access_hotel_building_user,hotel.building.user,model_hotel_building,group_hotel_room_user,1,0,0,0
vs_hotel_management.access_hotel_building_manager,hotel.building.manager,model_hotel_building,group_hotel_room_manager,1,1,1,1

vs_hotel_management.access_hotel_building_floor_user,hotel.building.floor.user,model_hotel_building_floor,group_hotel_room_user,1,0,0,0
vs_hotel_management.access_hotel_building_floor_manager,hotel.building.floor.manager,model_hotel_building_floor,group_hotel_room_manager,1,1,1,1

vs_hotel_management.access_hotel_service_user,hotel.service.user,model_hotel_service,group_hotel_room_user,1,0,0,0
vs_hotel_management.access_hotel_service_manager,hotel.service.manager,model_hotel_service,group_hotel_room_manager,1,1,1,1

vs_hotel_management.access_hotel_hotel_image_user,hotel.hotel.image.user,model_hotel_hotel_image,group_hotel_room_user,1,0,0,0
vs_hotel_management.access_hotel_hotel_image_manager,hotel.hotel.image.manager,model_hotel_hotel_image,group_hotel_room_manager,1,1,1,1

vs_hotel_management.access_hotel_hotel_user,hotel.hotel.user,model_hotel_hotel,group_hotel_room_user,1,0,0,0
vs_hotel_management.access_hotel_hotel_manager,hotel.hotel.manager,model_hotel_hotel,group_hotel_room_manager,1,1,1,1

vs_hotel_management.access_hotel_rate_plan_user,hotel.rate.plan.user,model_hotel_rate_plan,group_hotel_room_user,1,0,0,0
vs_hotel_management.access_hotel_rate_plan_manager,hotel.rate.plan.manager,model_hotel_rate_plan,group_hotel_room_manager,1,1,1,1

vs_hotel_management.access_hotel_discount_user,hotel.discount.user,model_hotel_discount,group_hotel_room_user,1,0,0,0
vs_hotel_management.access_hotel_discount_manager,hotel.discount.manager,model_hotel_discount,group_hotel_room_manager,1,1,1,1

vs_hotel_management.access_hotel_reservation_line_user,hotel.reservation.line.user,model_hotel_reservation_line,group_hotel_room_user,1,0,0,0
vs_hotel_management.access_hotel_reservation_line_manager,hotel.reservation.line.manager,model_hotel_reservation_line,group_hotel_room_manager,1,1,1,1

vs_hotel_management.access_hotel_reservation_user,hotel.reservation.user,model_hotel_reservation,group_hotel_room_user,1,0,0,0
vs_hotel_management.access_hotel_reservation_manager,hotel.reservation.manager,model_hotel_reservation,group_hotel_room_manager,1,1,1,1

vs_hotel_management.access_hotel_room_booking_user,hotel.room.booking.user,model_hotel_room_booking,group_hotel_room_user,1,0,0,0
vs_hotel_management.access_hotel_room_booking_manager,hotel.room.booking.manager,model_hotel_room_booking,group_hotel_room_manager,1,1,1,1

vs_hotel_management.access_hotel_reservation_service_line_user,hotel.reservation.service.line.user,model_hotel_reservation_service_line,group_hotel_room_user,1,0,0,0
vs_hotel_management.access_hotel_reservation_service_line_manager,hotel.reservation.service.line.manager,model_hotel_reservation_service_line,group_hotel_room_manager,1,1,1,1

vs_hotel_management.access_hotel_housekeeping_user,hotel.housekeeping.user,model_hotel_housekeeping,group_hotel_room_user,1,0,0,0
vs_hotel_management.access_hotel_housekeeping_manager,hotel.housekeeping.line.manager,model_hotel_housekeeping,group_hotel_room_manager,1,1,1,1

vs_hotel_management.access_hotel_maintenance_user,hotel.maintenance.user,model_hotel_maintenance,group_hotel_room_user,1,0,0,0
vs_hotel_management.access_hotel_maintenance_manager,hotel.maintenance.line.manager,model_hotel_maintenance,group_hotel_room_manager,1,1,1,1

vs_hotel_management.access_hotel_task_assignment_wizard,hotel.task.assignment.wizard,model_hotel_task_assignment_wizard,,1,1,1,1

vs_hotel_management.access_hotel_guest_folio_line_user,hotel.guest.folio.line.user,model_hotel_guest_folio_line,group_hotel_room_user,1,0,0,0
vs_hotel_management.access_hotel_guest_folio_line_manager,hotel.guest.folio.line.manager,model_hotel_guest_folio_line,group_hotel_room_manager,1,1,1,1

vs_hotel_management.access_hotel_guest_folio_user,hotel.guest.folio.user,model_hotel_guest_folio,group_hotel_room_user,1,0,0,0
vs_hotel_management.access_hotel_guest_folio_manager,hotel.guest.folio.manager,model_hotel_guest_folio,group_hotel_room_manager,1,1,1,1
